Sektor Ekonomi,Bulan,Nilai Kredit,Jenis Kredit
Pinjaman Berdasarkan Lapangan Usaha,Januari,165418093.0,Rupiah
"Pertanian, Kehutanan dan Perikanan",Januari,26621401.0,Rupiah
Pertambangan dan Penggalian,Januari,8217305.0,Rupiah
Industri Pengolahan,Januari,22628738.0,Rupiah
Pengadaan Listrik dan Gas,Januari,7815762.0,Rupiah
"Pengadaan Air, Pengelolaan Sampah, Limbah dan Daur Ulang",Januari,769725.0,Rupiah
Konstruksi,Januari,16655551.0,Rupiah
"Perdagangan Besar dan Eceran, Reparasi Mobil dan Motor",Januari,20134327.0,Rupiah
Transportasi dan Pergudangan,Januari,15195954.0,Rupiah
Penyediaan Akomodasi dan Makan Minum,Januari,8317872.0,Rupiah
Informasi dan Komunikasi,Januari,9081475.0,Rupiah
Jasa Keuangan dan Asuransi,Januari,2049705.0,Rupiah
Real Estate,Januari,13871142.0,Rupiah
Jasa Perusahaan,Januari,502202.0,Rupiah
"Administrasi Pemerintahan, Pertahanan dan Jaminan Sosial Wajib",Januari,5124.0,Rupiah
Jasa Pendidikan,Januari,1628228.0,Rupiah
Jasa Kesehatan dan Kegiatan Lainnya,Januari,3419234.0,Rupiah
Jasa Lainnya,Januari,398453.0,Rupiah
Pinjaman Kepada Bukan Lapangan Usaha (Konsumsi Rumah Tangga),Januari,0.0,Rupiah
JUMLAH,Januari,165418093.0,Rupiah
Pinjaman Berdasarkan Lapangan Usaha,Februari,168272383.0,Rupiah
"Pertanian, Kehutanan dan Perikanan",Februari,26800715.0,Rupiah
Pertambangan dan Penggalian,Februari,8349616.0,Rupiah
Industri Pengolahan,Februari,23004226.0,Rupiah
Pengadaan Listrik dan Gas,Februari,7709206.0,Rupiah
"Pengadaan Air, Pengelolaan Sampah, Limbah dan Daur Ulang",Februari,767515.0,Rupiah
Konstruksi,Februari,16977084.0,Rupiah
"Perdagangan Besar dan Eceran, Reparasi Mobil dan Motor",Februari,20264175.0,Rupiah
Transportasi dan Pergudangan,Februari,15187899.0,Rupiah
Penyediaan Akomodasi dan Makan Minum,Februari,8350458.0,Rupiah
Informasi dan Komunikasi,Februari,8765231.0,Rupiah
Jasa Keuangan dan Asuransi,Februari,4041868.0,Rupiah
Real Estate,Februari,13829551.0,Rupiah
Jasa Perusahaan,Februari,4991763.0,Rupiah
"Administrasi Pemerintahan, Pertahanan dan Jaminan Sosial Wajib",Februari,6812.0,Rupiah
Jasa Pendidikan,Februari,1678003.0,Rupiah
Jasa Kesehatan dan Kegiatan Lainnya,Februari,3466679.0,Rupiah
Jasa Lainnya,Februari,4081581.0,Rupiah
Pinjaman Kepada Bukan Lapangan Usaha (Konsumsi Rumah Tangga),Februari,0.0,Rupiah
JUMLAH,Februari,168272383.0,Rupiah
Pinjaman Berdasarkan Lapangan Usaha,Maret,170179389.0,Rupiah
"Pertanian, Kehutanan dan Perikanan",Maret,26870787.0,Rupiah
Pertambangan dan Penggalian,Maret,8814488.0,Rupiah
Industri Pengolahan,Maret,23127687.0,Rupiah
Pengadaan Listrik dan Gas,Maret,787868.0,Rupiah
"Pengadaan Air, Pengelolaan Sampah, Limbah dan Daur Ulang",Maret,778236.0,Rupiah
Konstruksi,Maret,17343436.0,Rupiah
"Perdagangan Besar dan Eceran, Reparasi Mobil dan Motor",Maret,20322787.0,Rupiah
Transportasi dan Pergudangan,Maret,15412096.0,Rupiah
Penyediaan Akomodasi dan Makan Minum,Maret,8432181.0,Rupiah
Informasi dan Komunikasi,Maret,8802788.0,Rupiah
Jasa Keuangan dan Asuransi,Maret,3916368.0,Rupiah
Real Estate,Maret,13716165.0,Rupiah
Jasa Perusahaan,Maret,5161658.0,Rupiah
"Administrasi Pemerintahan, Pertahanan dan Jaminan Sosial Wajib",Maret,6757.0,Rupiah
Jasa Pendidikan,Maret,1692854.0,Rupiah
Jasa Kesehatan dan Kegiatan Lainnya,Maret,3517788.0,Rupiah
Jasa Lainnya,Maret,4384634.0,Rupiah
Pinjaman Kepada Bukan Lapangan Usaha (Konsumsi Rumah Tangga),Maret,0.0,Rupiah
JUMLAH,Maret,170179389.0,Rupiah
Pinjaman Berdasarkan Lapangan Usaha,April,174172827.0,Rupiah
"Pertanian, Kehutanan dan Perikanan",April,27192647.0,Rupiah
Pertambangan dan Penggalian,April,980068.0,Rupiah
Industri Pengolahan,April,23442414.0,Rupiah
Pengadaan Listrik dan Gas,April,7931331.0,Rupiah
"Pengadaan Air, Pengelolaan Sampah, Limbah dan Daur Ulang",April,787401.0,Rupiah
Konstruksi,April,17456939.0,Rupiah
"Perdagangan Besar dan Eceran, Reparasi Mobil dan Motor",April,20276492.0,Rupiah
Transportasi dan Pergudangan,April,15982927.0,Rupiah
Penyediaan Akomodasi dan Makan Minum,April,8449798.0,Rupiah
Informasi dan Komunikasi,April,9860078.0,Rupiah
Jasa Keuangan dan Asuransi,April,4123151.0,Rupiah
Real Estate,April,14045508.0,Rupiah
Jasa Perusahaan,April,5209287.0,Rupiah
"Administrasi Pemerintahan, Pertahanan dan Jaminan Sosial Wajib",April,674.0,Rupiah
Jasa Pendidikan,April,169478.0,Rupiah
Jasa Kesehatan dan Kegiatan Lainnya,April,357319.0,Rupiah
Jasa Lainnya,April,4339464.0,Rupiah
Pinjaman Kepada Bukan Lapangan Usaha (Konsumsi Rumah Tangga),April,0.0,Rupiah
JUMLAH,April,174172827.0,Rupiah
Pinjaman Berdasarkan Lapangan Usaha,Mei,175326482.0,Rupiah
"Pertanian, Kehutanan dan Perikanan",Mei,27923641.0,Rupiah
Pertambangan dan Penggalian,Mei,10921323.0,Rupiah
Industri Pengolahan,Mei,23453718.0,Rupiah
Pengadaan Listrik dan Gas,Mei,8102476.0,Rupiah
"Pengadaan Air, Pengelolaan Sampah, Limbah dan Daur Ulang",Mei,818944.0,Rupiah
Konstruksi,Mei,17375646.0,Rupiah
"Perdagangan Besar dan Eceran, Reparasi Mobil dan Motor",Mei,20210346.0,Rupiah
Transportasi dan Pergudangan,Mei,16166801.0,Rupiah
Penyediaan Akomodasi dan Makan Minum,Mei,8455453.0,Rupiah
Informasi dan Komunikasi,Mei,9974331.0,Rupiah
Jasa Keuangan dan Asuransi,Mei,3027143.0,Rupiah
Real Estate,Mei,14059612.0,Rupiah
Jasa Perusahaan,Mei,5165555.0,Rupiah
"Administrasi Pemerintahan, Pertahanan dan Jaminan Sosial Wajib",Mei,6681.0,Rupiah
Jasa Pendidikan,Mei,1715055.0,Rupiah
Jasa Kesehatan dan Kegiatan Lainnya,Mei,3596403.0,Rupiah
Jasa Lainnya,Mei,4353355.0,Rupiah
Pinjaman Kepada Bukan Lapangan Usaha (Konsumsi Rumah Tangga),Mei,0.0,Rupiah
JUMLAH,Mei,175326482.0,Rupiah
Pinjaman Berdasarkan Lapangan Usaha,Juni,175839381.0,Rupiah
"Pertanian, Kehutanan dan Perikanan",Juni,27907238.0,Rupiah
Pertambangan dan Penggalian,Juni,11110909.0,Rupiah
Industri Pengolahan,Juni,23533645.0,Rupiah
Pengadaan Listrik dan Gas,Juni,8494637.0,Rupiah
"Pengadaan Air, Pengelolaan Sampah, Limbah dan Daur Ulang",Juni,831926.0,Rupiah
Konstruksi,Juni,17234977.0,Rupiah
"Perdagangan Besar dan Eceran, Reparasi Mobil dan Motor",Juni,2001224.0,Rupiah
Transportasi dan Pergudangan,Juni,165218.0,Rupiah
Penyediaan Akomodasi dan Makan Minum,Juni,8380305.0,Rupiah
Informasi dan Komunikasi,Juni,10291037.0,Rupiah
Jasa Keuangan dan Asuransi,Juni,2289546.0,Rupiah
Real Estate,Juni,14140655.0,Rupiah
Jasa Perusahaan,Juni,5243018.0,Rupiah
"Administrasi Pemerintahan, Pertahanan dan Jaminan Sosial Wajib",Juni,6415.0,Rupiah
Jasa Pendidikan,Juni,171214.0,Rupiah
Jasa Kesehatan dan Kegiatan Lainnya,Juni,3626869.0,Rupiah
Jasa Lainnya,Juni,4502024.0,Rupiah
Pinjaman Kepada Bukan Lapangan Usaha (Konsumsi Rumah Tangga),Juni,0.0,Rupiah
JUMLAH,Juni,175839381.0,Rupiah
Pinjaman Berdasarkan Lapangan Usaha,Juli,17627662.0,Rupiah
"Pertanian, Kehutanan dan Perikanan",Juli,28411275.0,Rupiah
Pertambangan dan Penggalian,Juli,11184747.0,Rupiah
Industri Pengolahan,Juli,23616168.0,Rupiah
Pengadaan Listrik dan Gas,Juli,8519205.0,Rupiah
"Pengadaan Air, Pengelolaan Sampah, Limbah dan Daur Ulang",Juli,827649.0,Rupiah
Konstruksi,Juli,16959529.0,Rupiah
"Perdagangan Besar dan Eceran, Reparasi Mobil dan Motor",Juli,20160815.0,Rupiah
Transportasi dan Pergudangan,Juli,16611813.0,Rupiah
Penyediaan Akomodasi dan Makan Minum,Juli,848607.0,Rupiah
Informasi dan Komunikasi,Juli,9901226.0,Rupiah
Jasa Keuangan dan Asuransi,Juli,2353043.0,Rupiah
Real Estate,Juli,14119313.0,Rupiah
Jasa Perusahaan,Juli,5206119.0,Rupiah
"Administrasi Pemerintahan, Pertahanan dan Jaminan Sosial Wajib",Juli,6749.0,Rupiah
Jasa Pendidikan,Juli,1719923.0,Rupiah
Jasa Kesehatan dan Kegiatan Lainnya,Juli,3683734.0,Rupiah
Jasa Lainnya,Juli,4509243.0,Rupiah
Pinjaman Kepada Bukan Lapangan Usaha (Konsumsi Rumah Tangga),Juli,0.0,Rupiah
JUMLAH,Juli,17627662.0,Rupiah
Pinjaman Berdasarkan Lapangan Usaha,Agustus,176604769.0,Rupiah
"Pertanian, Kehutanan dan Perikanan",Agustus,28509072.0,Rupiah
Pertambangan dan Penggalian,Agustus,11203752.0,Rupiah
Industri Pengolahan,Agustus,23743007.0,Rupiah
Pengadaan Listrik dan Gas,Agustus,8426767.0,Rupiah
"Pengadaan Air, Pengelolaan Sampah, Limbah dan Daur Ulang",Agustus,830583.0,Rupiah
Konstruksi,Agustus,16907531.0,Rupiah
"Perdagangan Besar dan Eceran, Reparasi Mobil dan Motor",Agustus,2017104.0,Rupiah
Transportasi dan Pergudangan,Agustus,16731556.0,Rupiah
Penyediaan Akomodasi dan Makan Minum,Agustus,8528013.0,Rupiah
Informasi dan Komunikasi,Agustus,9899604.0,Rupiah
Jasa Keuangan dan Asuransi,Agustus,2326992.0,Rupiah
Real Estate,Agustus,14179242.0,Rupiah
Jasa Perusahaan,Agustus,5178425.0,Rupiah
"Administrasi Pemerintahan, Pertahanan dan Jaminan Sosial Wajib",Agustus,6963.0,Rupiah
Jasa Pendidikan,Agustus,1729396.0,Rupiah
Jasa Kesehatan dan Kegiatan Lainnya,Agustus,3772885.0,Rupiah
Jasa Lainnya,Agustus,4459942.0,Rupiah
Pinjaman Kepada Bukan Lapangan Usaha (Konsumsi Rumah Tangga),Agustus,0.0,Rupiah
JUMLAH,Agustus,176604769.0,Rupiah
Pinjaman Berdasarkan Lapangan Usaha,September,180169487.0,Rupiah
"Pertanian, Kehutanan dan Perikanan",September,28269854.0,Rupiah
Pertambangan dan Penggalian,September,11410879.0,Rupiah
Industri Pengolahan,September,24136086.0,Rupiah
Pengadaan Listrik dan Gas,September,9941014.0,Rupiah
"Pengadaan Air, Pengelolaan Sampah, Limbah dan Daur Ulang",September,897493.0,Rupiah
Konstruksi,September,17314057.0,Rupiah
"Perdagangan Besar dan Eceran, Reparasi Mobil dan Motor",September,201470.0,Rupiah
Transportasi dan Pergudangan,September,16969316.0,Rupiah
Penyediaan Akomodasi dan Makan Minum,September,8711999.0,Rupiah
Informasi dan Komunikasi,September,10071013.0,Rupiah
Jasa Keuangan dan Asuransi,September,230536.0,Rupiah
Real Estate,September,14173745.0,Rupiah
Jasa Perusahaan,September,5193752.0,Rupiah
"Administrasi Pemerintahan, Pertahanan dan Jaminan Sosial Wajib",September,389505.0,Rupiah
Jasa Pendidikan,September,1762978.0,Rupiah
Jasa Kesehatan dan Kegiatan Lainnya,September,3816972.0,Rupiah
Jasa Lainnya,September,4658462.0,Rupiah
Pinjaman Kepada Bukan Lapangan Usaha (Konsumsi Rumah Tangga),September,0.0,Rupiah
JUMLAH,September,180169487.0,Rupiah
Pinjaman Berdasarkan Lapangan Usaha,Oktober,185273176.0,Rupiah
"Pertanian, Kehutanan dan Perikanan",Oktober,3047444.0,Rupiah
Pertambangan dan Penggalian,Oktober,11370226.0,Rupiah
Industri Pengolahan,Oktober,24493152.0,Rupiah
Pengadaan Listrik dan Gas,Oktober,994329.0,Rupiah
"Pengadaan Air, Pengelolaan Sampah, Limbah dan Daur Ulang",Oktober,907663.0,Rupiah
Konstruksi,Oktober,17421499.0,Rupiah
"Perdagangan Besar dan Eceran, Reparasi Mobil dan Motor",Oktober,21402057.0,Rupiah
Transportasi dan Pergudangan,Oktober,1748049.0,Rupiah
Penyediaan Akomodasi dan Makan Minum,Oktober,8735816.0,Rupiah
Informasi dan Komunikasi,Oktober,10394224.0,Rupiah
Jasa Keuangan dan Asuransi,Oktober,2356102.0,Rupiah
Real Estate,Oktober,14385267.0,Rupiah
Jasa Perusahaan,Oktober,5248084.0,Rupiah
"Administrasi Pemerintahan, Pertahanan dan Jaminan Sosial Wajib",Oktober,6868.0,Rupiah
Jasa Pendidikan,Oktober,1769761.0,Rupiah
Jasa Kesehatan dan Kegiatan Lainnya,Oktober,3867223.0,Rupiah
Jasa Lainnya,Oktober,5017013.0,Rupiah
Pinjaman Kepada Bukan Lapangan Usaha (Konsumsi Rumah Tangga),Oktober,0.0,Rupiah
JUMLAH,Oktober,185273176.0,Rupiah
Pinjaman Berdasarkan Lapangan Usaha,November,185273176.0,Rupiah
"Pertanian, Kehutanan dan Perikanan",November,3047444.0,Rupiah
Pertambangan dan Penggalian,November,11370226.0,Rupiah
Industri Pengolahan,November,24493152.0,Rupiah
Pengadaan Listrik dan Gas,November,994329.0,Rupiah
"Pengadaan Air, Pengelolaan Sampah, Limbah dan Daur Ulang",November,907663.0,Rupiah
Konstruksi,November,17421499.0,Rupiah
"Perdagangan Besar dan Eceran, Reparasi Mobil dan Motor",November,21402057.0,Rupiah
Transportasi dan Pergudangan,November,1748049.0,Rupiah
Penyediaan Akomodasi dan Makan Minum,November,8735816.0,Rupiah
Informasi dan Komunikasi,November,10394224.0,Rupiah
Jasa Keuangan dan Asuransi,November,2356102.0,Rupiah
Real Estate,November,14385267.0,Rupiah
Jasa Perusahaan,November,5248084.0,Rupiah
"Administrasi Pemerintahan, Pertahanan dan Jaminan Sosial Wajib",November,6868.0,Rupiah
Jasa Pendidikan,November,1769761.0,Rupiah
Jasa Kesehatan dan Kegiatan Lainnya,November,3867223.0,Rupiah
Jasa Lainnya,November,5017013.0,Rupiah
Pinjaman Kepada Bukan Lapangan Usaha (Konsumsi Rumah Tangga),November,0.0,Rupiah
JUMLAH,November,185273176.0,Rupiah
Pinjaman Berdasarkan Lapangan Usaha,Desember,185273176.0,Rupiah
"Pertanian, Kehutanan dan Perikanan",Desember,3047444.0,Rupiah
Pertambangan dan Penggalian,Desember,11370226.0,Rupiah
Industri Pengolahan,Desember,24493152.0,Rupiah
Pengadaan Listrik dan Gas,Desember,994329.0,Rupiah
"Pengadaan Air, Pengelolaan Sampah, Limbah dan Daur Ulang",Desember,907663.0,Rupiah
Konstruksi,Desember,17421499.0,Rupiah
"Perdagangan Besar dan Eceran, Reparasi Mobil dan Motor",Desember,21402057.0,Rupiah
Transportasi dan Pergudangan,Desember,1748049.0,Rupiah
Penyediaan Akomodasi dan Makan Minum,Desember,8735816.0,Rupiah
Informasi dan Komunikasi,Desember,10394224.0,Rupiah
Jasa Keuangan dan Asuransi,Desember,2356102.0,Rupiah
Real Estate,Desember,14385267.0,Rupiah
Jasa Perusahaan,Desember,5248084.0,Rupiah
"Administrasi Pemerintahan, Pertahanan dan Jaminan Sosial Wajib",Desember,6868.0,Rupiah
Jasa Pendidikan,Desember,1769761.0,Rupiah
Jasa Kesehatan dan Kegiatan Lainnya,Desember,3867223.0,Rupiah
Jasa Lainnya,Desember,5017013.0,Rupiah
Pinjaman Kepada Bukan Lapangan Usaha (Konsumsi Rumah Tangga),Desember,0.0,Rupiah
JUMLAH,Desember,185273176.0,Rupiah
Pinjaman Berdasarkan Lapangan Usaha,Januari,4374316.0,Valuta Asing
"Pertanian, Kehutanan dan Perikanan",Januari,2465987.0,Valuta Asing
Pertambangan dan Penggalian,Januari,9611992.0,Valuta Asing
Industri Pengolahan,Januari,109390.0,Valuta Asing
Pengadaan Listrik dan Gas,Januari,9591265.0,Valuta Asing
"Pengadaan Air, Pengelolaan Sampah, Limbah dan Daur Ulang",Januari,53502.0,Valuta Asing
Konstruksi,Januari,287108.0,Valuta Asing
"Perdagangan Besar dan Eceran, Reparasi Mobil dan Motor",Januari,982589.0,Valuta Asing
Transportasi dan Pergudangan,Januari,5489093.0,Valuta Asing
Penyediaan Akomodasi dan Makan Minum,Januari,723064.0,Valuta Asing
Informasi dan Komunikasi,Januari,928328.0,Valuta Asing
Jasa Keuangan dan Asuransi,Januari,353426.0,Valuta Asing
Real Estate,Januari,913062.0,Valuta Asing
Jasa Perusahaan,Januari,961326.0,Valuta Asing
"Administrasi Pemerintahan, Pertahanan dan Jaminan Sosial Wajib",Januari,767.0,Valuta Asing
Jasa Pendidikan,Januari,1929.0,Valuta Asing
Jasa Kesehatan dan Kegiatan Lainnya,Januari,50163.0,Valuta Asing
Jasa Lainnya,Januari,390555.0,Valuta Asing
Pinjaman Kepada Bukan Lapangan Usaha (Konsumsi Rumah Tangga),Januari,0.0,Valuta Asing
JUMLAH,Januari,4374316.0,Valuta Asing
Pinjaman Berdasarkan Lapangan Usaha,Februari,4497419.0,Valuta Asing
"Pertanian, Kehutanan dan Perikanan",Februari,2504335.0,Valuta Asing
Pertambangan dan Penggalian,Februari,9565297.0,Valuta Asing
Industri Pengolahan,Februari,1178929.0,Valuta Asing
Pengadaan Listrik dan Gas,Februari,9836344.0,Valuta Asing
"Pengadaan Air, Pengelolaan Sampah, Limbah dan Daur Ulang",Februari,48982.0,Valuta Asing
Konstruksi,Februari,290336.0,Valuta Asing
"Perdagangan Besar dan Eceran, Reparasi Mobil dan Motor",Februari,989481.0,Valuta Asing
Transportasi dan Pergudangan,Februari,5619997.0,Valuta Asing
Penyediaan Akomodasi dan Makan Minum,Februari,732401.0,Valuta Asing
Informasi dan Komunikasi,Februari,927392.0,Valuta Asing
Jasa Keuangan dan Asuransi,Februari,35007.0,Valuta Asing
Real Estate,Februari,927572.0,Valuta Asing
Jasa Perusahaan,Februari,944522.0,Valuta Asing
"Administrasi Pemerintahan, Pertahanan dan Jaminan Sosial Wajib",Februari,758.0,Valuta Asing
Jasa Pendidikan,Februari,1941.0,Valuta Asing
Jasa Kesehatan dan Kegiatan Lainnya,Februari,50889.0,Valuta Asing
Jasa Lainnya,Februari,394589.0,Valuta Asing
Pinjaman Kepada Bukan Lapangan Usaha (Konsumsi Rumah Tangga),Februari,0.0,Valuta Asing
JUMLAH,Februari,4497419.0,Valuta Asing
Pinjaman Berdasarkan Lapangan Usaha,Maret,4517615.0,Valuta Asing
"Pertanian, Kehutanan dan Perikanan",Maret,2458459.0,Valuta Asing
Pertambangan dan Penggalian,Maret,9884165.0,Valuta Asing
Industri Pengolahan,Maret,1182742.0,Valuta Asing
Pengadaan Listrik dan Gas,Maret,9832698.0,Valuta Asing
"Pengadaan Air, Pengelolaan Sampah, Limbah dan Daur Ulang",Maret,48922.0,Valuta Asing
Konstruksi,Maret,282198.0,Valuta Asing
"Perdagangan Besar dan Eceran, Reparasi Mobil dan Motor",Maret,1001291.0,Valuta Asing
Transportasi dan Pergudangan,Maret,5615593.0,Valuta Asing
Penyediaan Akomodasi dan Makan Minum,Maret,712398.0,Valuta Asing
Informasi dan Komunikasi,Maret,914044.0,Valuta Asing
Jasa Keuangan dan Asuransi,Maret,303412.0,Valuta Asing
Real Estate,Maret,924483.0,Valuta Asing
Jasa Perusahaan,Maret,944088.0,Valuta Asing
"Administrasi Pemerintahan, Pertahanan dan Jaminan Sosial Wajib",Maret,932.0,Valuta Asing
Jasa Pendidikan,Maret,1916.0,Valuta Asing
Jasa Kesehatan dan Kegiatan Lainnya,Maret,5047.0,Valuta Asing
Jasa Lainnya,Maret,373663.0,Valuta Asing
Pinjaman Kepada Bukan Lapangan Usaha (Konsumsi Rumah Tangga),Maret,0.0,Valuta Asing
JUMLAH,Maret,4517615.0,Valuta Asing
Pinjaman Berdasarkan Lapangan Usaha,April,47395753.0,Valuta Asing
"Pertanian, Kehutanan dan Perikanan",April,2454881.0,Valuta Asing
Pertambangan dan Penggalian,April,10645722.0,Valuta Asing
Industri Pengolahan,April,12091995.0,Valuta Asing
Pengadaan Listrik dan Gas,April,9884412.0,Valuta Asing
"Pengadaan Air, Pengelolaan Sampah, Limbah dan Daur Ulang",April,49037.0,Valuta Asing
Konstruksi,April,363529.0,Valuta Asing
"Perdagangan Besar dan Eceran, Reparasi Mobil dan Motor",April,969782.0,Valuta Asing
Transportasi dan Pergudangan,April,666859.0,Valuta Asing
Penyediaan Akomodasi dan Makan Minum,April,713539.0,Valuta Asing
Informasi dan Komunikasi,April,872797.0,Valuta Asing
Jasa Keuangan dan Asuransi,April,29641.0,Valuta Asing
Real Estate,April,921853.0,Valuta Asing
Jasa Perusahaan,April,1035998.0,Valuta Asing
"Administrasi Pemerintahan, Pertahanan dan Jaminan Sosial Wajib",April,975.0,Valuta Asing
Jasa Pendidikan,April,1897.0,Valuta Asing
Jasa Kesehatan dan Kegiatan Lainnya,April,50352.0,Valuta Asing
Jasa Lainnya,April,373983.0,Valuta Asing
Pinjaman Kepada Bukan Lapangan Usaha (Konsumsi Rumah Tangga),April,0.0,Valuta Asing
JUMLAH,April,47395753.0,Valuta Asing
Pinjaman Berdasarkan Lapangan Usaha,Mei,465726.0,Valuta Asing
"Pertanian, Kehutanan dan Perikanan",Mei,2267946.0,Valuta Asing
Pertambangan dan Penggalian,Mei,1047381.0,Valuta Asing
Industri Pengolahan,Mei,1214657.0,Valuta Asing
Pengadaan Listrik dan Gas,Mei,9681014.0,Valuta Asing
"Pengadaan Air, Pengelolaan Sampah, Limbah dan Daur Ulang",Mei,42776.0,Valuta Asing
Konstruksi,Mei,353801.0,Valuta Asing
"Perdagangan Besar dan Eceran, Reparasi Mobil dan Motor",Mei,947002.0,Valuta Asing
Transportasi dan Pergudangan,Mei,6465552.0,Valuta Asing
Penyediaan Akomodasi dan Makan Minum,Mei,697097.0,Valuta Asing
Informasi dan Komunikasi,Mei,847684.0,Valuta Asing
Jasa Keuangan dan Asuransi,Mei,28441.0,Valuta Asing
Real Estate,Mei,905473.0,Valuta Asing
Jasa Perusahaan,Mei,1039423.0,Valuta Asing
"Administrasi Pemerintahan, Pertahanan dan Jaminan Sosial Wajib",Mei,93.0,Valuta Asing
Jasa Pendidikan,Mei,1839.0,Valuta Asing
Jasa Kesehatan dan Kegiatan Lainnya,Mei,49314.0,Valuta Asing
Jasa Lainnya,Mei,367962.0,Valuta Asing
Pinjaman Kepada Bukan Lapangan Usaha (Konsumsi Rumah Tangga),Mei,0.0,Valuta Asing
JUMLAH,Mei,465726.0,Valuta Asing
Pinjaman Berdasarkan Lapangan Usaha,Juni,4551732.0,Valuta Asing
"Pertanian, Kehutanan dan Perikanan",Juni,2216743.0,Valuta Asing
Pertambangan dan Penggalian,Juni,10495474.0,Valuta Asing
Industri Pengolahan,Juni,11889186.0,Valuta Asing
Pengadaan Listrik dan Gas,Juni,9288381.0,Valuta Asing
"Pengadaan Air, Pengelolaan Sampah, Limbah dan Daur Ulang",Juni,42631.0,Valuta Asing
Konstruksi,Juni,325099.0,Valuta Asing
"Perdagangan Besar dan Eceran, Reparasi Mobil dan Motor",Juni,949692.0,Valuta Asing
Transportasi dan Pergudangan,Juni,6287711.0,Valuta Asing
Penyediaan Akomodasi dan Makan Minum,Juni,678548.0,Valuta Asing
Informasi dan Komunikasi,Juni,855347.0,Valuta Asing
Jasa Keuangan dan Asuransi,Juni,27403.0,Valuta Asing
Real Estate,Juni,855338.0,Valuta Asing
Jasa Perusahaan,Juni,942784.0,Valuta Asing
"Administrasi Pemerintahan, Pertahanan dan Jaminan Sosial Wajib",Juni,9.0,Valuta Asing
Jasa Pendidikan,Juni,1809.0,Valuta Asing
Jasa Kesehatan dan Kegiatan Lainnya,Juni,48458.0,Valuta Asing
Jasa Lainnya,Juni,365189.0,Valuta Asing
Pinjaman Kepada Bukan Lapangan Usaha (Konsumsi Rumah Tangga),Juni,0.0,Valuta Asing
JUMLAH,Juni,4551732.0,Valuta Asing
Pinjaman Berdasarkan Lapangan Usaha,Juli,45786193.0,Valuta Asing
"Pertanian, Kehutanan dan Perikanan",Juli,2039617.0,Valuta Asing
Pertambangan dan Penggalian,Juli,10447956.0,Valuta Asing
Industri Pengolahan,Juli,12151047.0,Valuta Asing
Pengadaan Listrik dan Gas,Juli,9486789.0,Valuta Asing
"Pengadaan Air, Pengelolaan Sampah, Limbah dan Daur Ulang",Juli,43205.0,Valuta Asing
Konstruksi,Juli,245272.0,Valuta Asing
"Perdagangan Besar dan Eceran, Reparasi Mobil dan Motor",Juli,960905.0,Valuta Asing
Transportasi dan Pergudangan,Juli,640991.0,Valuta Asing
Penyediaan Akomodasi dan Makan Minum,Juli,675794.0,Valuta Asing
Informasi dan Komunikasi,Juli,813683.0,Valuta Asing
Jasa Keuangan dan Asuransi,Juli,306393.0,Valuta Asing
Real Estate,Juli,879857.0,Valuta Asing
Jasa Perusahaan,Juli,904525.0,Valuta Asing
"Administrasi Pemerintahan, Pertahanan dan Jaminan Sosial Wajib",Juli,885.0,Valuta Asing
Jasa Pendidikan,Juli,1811.0,Valuta Asing
Jasa Kesehatan dan Kegiatan Lainnya,Juli,48931.0,Valuta Asing
Jasa Lainnya,Juli,369613.0,Valuta Asing
Pinjaman Kepada Bukan Lapangan Usaha (Konsumsi Rumah Tangga),Juli,0.0,Valuta Asing
JUMLAH,Juli,45786193.0,Valuta Asing
Pinjaman Berdasarkan Lapangan Usaha,Agustus,45830792.0,Valuta Asing
"Pertanian, Kehutanan dan Perikanan",Agustus,2007055.0,Valuta Asing
Pertambangan dan Penggalian,Agustus,10285899.0,Valuta Asing
Industri Pengolahan,Agustus,12260142.0,Valuta Asing
Pengadaan Listrik dan Gas,Agustus,9469269.0,Valuta Asing
"Pengadaan Air, Pengelolaan Sampah, Limbah dan Daur Ulang",Agustus,37889.0,Valuta Asing
Konstruksi,Agustus,244137.0,Valuta Asing
"Perdagangan Besar dan Eceran, Reparasi Mobil dan Motor",Agustus,110181.0,Valuta Asing
Transportasi dan Pergudangan,Agustus,6412944.0,Valuta Asing
Penyediaan Akomodasi dan Makan Minum,Agustus,661021.0,Valuta Asing
Informasi dan Komunikasi,Agustus,798081.0,Valuta Asing
Jasa Keuangan dan Asuransi,Agustus,316955.0,Valuta Asing
Real Estate,Agustus,901105.0,Valuta Asing
Jasa Perusahaan,Agustus,901774.0,Valuta Asing
"Administrasi Pemerintahan, Pertahanan dan Jaminan Sosial Wajib",Agustus,86.0,Valuta Asing
Jasa Pendidikan,Agustus,1793.0,Valuta Asing
Jasa Kesehatan dan Kegiatan Lainnya,Agustus,48812.0,Valuta Asing
Jasa Lainnya,Agustus,381147.0,Valuta Asing
Pinjaman Kepada Bukan Lapangan Usaha (Konsumsi Rumah Tangga),Agustus,0.0,Valuta Asing
JUMLAH,Agustus,45830792.0,Valuta Asing
Pinjaman Berdasarkan Lapangan Usaha,September,46105033.0,Valuta Asing
"Pertanian, Kehutanan dan Perikanan",September,1975801.0,Valuta Asing
Pertambangan dan Penggalian,September,10426476.0,Valuta Asing
Industri Pengolahan,September,12196449.0,Valuta Asing
Pengadaan Listrik dan Gas,September,9564552.0,Valuta Asing
"Pengadaan Air, Pengelolaan Sampah, Limbah dan Daur Ulang",September,38292.0,Valuta Asing
Konstruksi,September,238843.0,Valuta Asing
"Perdagangan Besar dan Eceran, Reparasi Mobil dan Motor",September,1244359.0,Valuta Asing
Transportasi dan Pergudangan,September,6419678.0,Valuta Asing
Penyediaan Akomodasi dan Makan Minum,September,659882.0,Valuta Asing
Informasi dan Komunikasi,September,780778.0,Valuta Asing
Jasa Keuangan dan Asuransi,September,295906.0,Valuta Asing
Real Estate,September,927931.0,Valuta Asing
Jasa Perusahaan,September,899984.0,Valuta Asing
"Administrasi Pemerintahan, Pertahanan dan Jaminan Sosial Wajib",September,628.0,Valuta Asing
Jasa Pendidikan,September,1652.0,Valuta Asing
Jasa Kesehatan dan Kegiatan Lainnya,September,49295.0,Valuta Asing
Jasa Lainnya,September,384528.0,Valuta Asing
Pinjaman Kepada Bukan Lapangan Usaha (Konsumsi Rumah Tangga),September,0.0,Valuta Asing
JUMLAH,September,46105033.0,Valuta Asing
Pinjaman Berdasarkan Lapangan Usaha,Oktober,48243119.0,Valuta Asing
"Pertanian, Kehutanan dan Perikanan",Oktober,1940586.0,Valuta Asing
Pertambangan dan Penggalian,Oktober,10725959.0,Valuta Asing
Industri Pengolahan,Oktober,13386224.0,Valuta Asing
Pengadaan Listrik dan Gas,Oktober,10343196.0,Valuta Asing
"Pengadaan Air, Pengelolaan Sampah, Limbah dan Daur Ulang",Oktober,3821.0,Valuta Asing
Konstruksi,Oktober,97851.0,Valuta Asing
"Perdagangan Besar dan Eceran, Reparasi Mobil dan Motor",Oktober,1314207.0,Valuta Asing
Transportasi dan Pergudangan,Oktober,6379891.0,Valuta Asing
Penyediaan Akomodasi dan Makan Minum,Oktober,659684.0,Valuta Asing
Informasi dan Komunikasi,Oktober,745652.0,Valuta Asing
Jasa Keuangan dan Asuransi,Oktober,29459.0,Valuta Asing
Real Estate,Oktober,977725.0,Valuta Asing
Jasa Perusahaan,Oktober,883921.0,Valuta Asing
"Administrasi Pemerintahan, Pertahanan dan Jaminan Sosial Wajib",Oktober,604.0,Valuta Asing
Jasa Pendidikan,Oktober,1625.0,Valuta Asing
Jasa Kesehatan dan Kegiatan Lainnya,Oktober,49092.0,Valuta Asing
Jasa Lainnya,Oktober,404099.0,Valuta Asing
Pinjaman Kepada Bukan Lapangan Usaha (Konsumsi Rumah Tangga),Oktober,0.0,Valuta Asing
JUMLAH,Oktober,48243119.0,Valuta Asing
Pinjaman Berdasarkan Lapangan Usaha,November,48243119.0,Valuta Asing
"Pertanian, Kehutanan dan Perikanan",November,1940586.0,Valuta Asing
Pertambangan dan Penggalian,November,10725959.0,Valuta Asing
Industri Pengolahan,November,13386224.0,Valuta Asing
Pengadaan Listrik dan Gas,November,10343196.0,Valuta Asing
"Pengadaan Air, Pengelolaan Sampah, Limbah dan Daur Ulang",November,3821.0,Valuta Asing
Konstruksi,November,97851.0,Valuta Asing
"Perdagangan Besar dan Eceran, Reparasi Mobil dan Motor",November,1314207.0,Valuta Asing
Transportasi dan Pergudangan,November,6379891.0,Valuta Asing
Penyediaan Akomodasi dan Makan Minum,November,659684.0,Valuta Asing
Informasi dan Komunikasi,November,745652.0,Valuta Asing
Jasa Keuangan dan Asuransi,November,29459.0,Valuta Asing
Real Estate,November,977725.0,Valuta Asing
Jasa Perusahaan,November,883921.0,Valuta Asing
"Administrasi Pemerintahan, Pertahanan dan Jaminan Sosial Wajib",November,604.0,Valuta Asing
Jasa Pendidikan,November,1625.0,Valuta Asing
Jasa Kesehatan dan Kegiatan Lainnya,November,49092.0,Valuta Asing
Jasa Lainnya,November,404099.0,Valuta Asing
Pinjaman Kepada Bukan Lapangan Usaha (Konsumsi Rumah Tangga),November,0.0,Valuta Asing
JUMLAH,November,48243119.0,Valuta Asing
Pinjaman Berdasarkan Lapangan Usaha,Desember,48243119.0,Valuta Asing
"Pertanian, Kehutanan dan Perikanan",Desember,1940586.0,Valuta Asing
Pertambangan dan Penggalian,Desember,10725959.0,Valuta Asing
Industri Pengolahan,Desember,13386224.0,Valuta Asing
Pengadaan Listrik dan Gas,Desember,10343196.0,Valuta Asing
"Pengadaan Air, Pengelolaan Sampah, Limbah dan Daur Ulang",Desember,3821.0,Valuta Asing
Konstruksi,Desember,97851.0,Valuta Asing
"Perdagangan Besar dan Eceran, Reparasi Mobil dan Motor",Desember,1314207.0,Valuta Asing
Transportasi dan Pergudangan,Desember,6379891.0,Valuta Asing
Penyediaan Akomodasi dan Makan Minum,Desember,659684.0,Valuta Asing
Informasi dan Komunikasi,Desember,745652.0,Valuta Asing
Jasa Keuangan dan Asuransi,Desember,29459.0,Valuta Asing
Real Estate,Desember,977725.0,Valuta Asing
Jasa Perusahaan,Desember,883921.0,Valuta Asing
"Administrasi Pemerintahan, Pertahanan dan Jaminan Sosial Wajib",Desember,604.0,Valuta Asing
Jasa Pendidikan,Desember,1625.0,Valuta Asing
Jasa Kesehatan dan Kegiatan Lainnya,Desember,49092.0,Valuta Asing
Jasa Lainnya,Desember,404099.0,Valuta Asing
Pinjaman Kepada Bukan Lapangan Usaha (Konsumsi Rumah Tangga),Desember,0.0,Valuta Asing
JUMLAH,Desember,48243119.0,Valuta Asing
